
INSERT INTO "Conversation" (id,"siteId","visitorId","visitorEmail","visitorName",country,source,"pagesVisited","sessionDuration","intentScore","intentLabel","demoBooked","createdAt","updatedAt") VALUES
('cs8v67t728weqeg58c1k4bbeu','cmoxddfz5000030qs9i92vb83','vqi341hnbnorg6r3dbox7zwxu','andres.perez61@gmail.com','Andrés Pérez','AR','google','{"/ ","/autos"}',259,38,'interested',false,'2026-04-10T04:13:46.615Z','2026-04-10T04:13:46.615Z'),
('c5jzbgtp8fh0z9nj5mloytocf','cmoxddfz5000030qs9i92vb83','v4wjluu5q5b3q8b4w9dv4enfh',NULL,'Martín García','AR','google','{"/ ","/autos"}',91,28,'exploring',false,'2026-04-23T18:13:46.623Z','2026-04-23T18:13:46.623Z'),
('cflmpkfntmigv0szj7pgouijy','cmoxddfz5000030qs9i92vb83','v3tz2sbs7ahahd0vgrehcn5nb','lucia.fernandez15@gmail.com','Lucía Fernández','CL','direct','{"/ ","/autos"}',410,66,'evaluating',false,'2026-04-22T07:13:46.623Z','2026-04-22T07:13:46.623Z'),
('cu6bn6eo9z79css00g9dxakwo','cmoxddfz5000030qs9i92vb83','vle3jun392c85k21ot3al39bt',NULL,NULL,'AR','instagram','{"/ ","/autos"}',31,15,'exploring',false,'2026-04-17T06:13:46.623Z','2026-04-17T06:13:46.623Z'),
('corgroigzlznw5wnbxkm5nfat','cmoxddfz5000030qs9i92vb83','vf8g9h5f0c5tbigqxwr471z2l',NULL,'Ana Martínez','AR','direct','{"/ ","/autos"}',479,38,'interested',false,'2026-04-24T17:13:46.623Z','2026-04-24T17:13:46.623Z'),
('cqmefaoibb59tt24lx2bhnx66','cmoxddfz5000030qs9i92vb83','vjsyqi8lm678u8fnxpyhjl3qz',NULL,'Andrés Pérez','AR','direct','{"/ ","/autos"}',182,33,'interested',false,'2026-05-06T20:13:46.623Z','2026-05-06T20:13:46.623Z'),
('cnb46m82iup4qwnk634xfz6n4','cmoxddfz5000030qs9i92vb83','vgrsdjux8yzpyym4vnlqwq3iz',NULL,'Lucía Fernández','AR','direct','{"/ ","/autos"}',38,51,'interested',false,'2026-04-16T01:13:46.623Z','2026-04-16T01:13:46.623Z'),
('cj2nvt9ym82n8jgb2j36uono7','cmoxddfz5000030qs9i92vb83','vnnlozytub1q1swl707geuyag','lucia.fernandez27@gmail.com','Lucía Fernández','AR','referral','{"/ ","/autos"}',246,15,'exploring',false,'2026-04-17T17:13:46.624Z','2026-04-17T17:13:46.624Z'),
('c8gafie0mjz62kzim4uiehd1e','cmoxddfz5000030qs9i92vb83','v1eprknivdo3o17c3djkzddqg',NULL,NULL,'AR','facebook','{"/ ","/autos"}',395,66,'evaluating',false,'2026-04-12T12:13:46.624Z','2026-04-12T12:13:46.624Z'),
('c76cflwu9hbc6xswcf8swoqzz','cmoxddfz5000030qs9i92vb83','vx5fbwxbi47gkjhid7v8qn0fm',NULL,'Sofía González','ES','instagram','{"/ ","/autos"}',181,68,'evaluating',false,'2026-05-01T07:13:46.624Z','2026-05-01T07:13:46.624Z'),
('c12nlod1f0qh35h2pbgsl8vui','cmoxddfz5000030qs9i92vb83','vkmpltazbtzi9ry1ids2bi9ea','visitante10@gmail.com',NULL,'ES','facebook','{"/ ","/autos"}',82,10,'exploring',false,'2026-05-04T22:13:46.624Z','2026-05-04T22:13:46.624Z'),
('cucle693qrgt4jwyf5dgfgwzc','cmoxddfz5000030qs9i92vb83','vny3c41is462ve15ert1o59o4','andres.perez33@gmail.com','Andrés Pérez','CL','google','{"/ ","/autos"}',194,10,'exploring',false,'2026-04-24T14:13:46.624Z','2026-04-24T14:13:46.624Z'),
('c1ode5yo7h3wuz3iw5x1yu40e','cmoxddfz5000030qs9i92vb83','vrn2zz18f6n82ggw8vdx1fnkb',NULL,NULL,'AR','google','{"/ ","/autos"}',313,99,'hot_lead',false,'2026-05-01T16:13:46.624Z','2026-05-01T16:13:46.624Z'),
('cxgbgmalo8io084tdx5dl8ylo','cmoxddfz5000030qs9i92vb83','veynotr0d9veemcy4hvrdi55d',NULL,'Pablo Rodríguez','AR','google','{"/ ","/autos"}',326,25,'exploring',false,'2026-05-02T03:13:46.624Z','2026-05-02T03:13:46.624Z'),
('c8lvgu0kouupniw3ldfad9fsz','cmoxddfz5000030qs9i92vb83','v7w7uddcjt5x60s5hjq3pqda9',NULL,'Lucía Fernández','AR','referral','{"/ ","/autos"}',124,28,'exploring',false,'2026-04-22T16:13:46.624Z','2026-04-22T16:13:46.624Z'),
('cx6ks2v3z9mukhstdv1m6gsnt','cmoxddfz5000030qs9i92vb83','vtnl3r0lna1wscxd1w6ijp3an','visitante15@gmail.com',NULL,'MX','direct','{"/ ","/autos"}',434,25,'exploring',false,'2026-04-24T07:13:46.624Z','2026-04-24T07:13:46.624Z'),
('c8snq2pmk9aoia4w71ezazhab','cmoxddfz5000030qs9i92vb83','vd7q673ck07dferkgom1jd57f',NULL,'Martín García','US','google','{"/ ","/autos"}',151,55,'evaluating',false,'2026-04-30T13:13:46.624Z','2026-04-30T13:13:46.624Z'),
('cc5acdyvva55oa9nvejgj5w15','cmoxddfz5000030qs9i92vb83','vrwpkgsremrl4x7x2w9bi4d91',NULL,NULL,'AR','direct','{"/ ","/autos"}',333,59,'evaluating',false,'2026-04-28T11:13:46.624Z','2026-04-28T11:13:46.624Z'),
('c54dq8388ukfuylus6cuspgy8','cmoxddfz5000030qs9i92vb83','v4r1idbojtm0b3j7g7qnsqdzf',NULL,'Ana Martínez','MX','google','{"/ ","/autos"}',274,66,'evaluating',false,'2026-04-14T06:13:46.624Z','2026-04-14T06:13:46.624Z'),
('cd5c46s28fs846gngagtxefwl','cmoxddfz5000030qs9i92vb83','vtk89zu6qc84e61fhsrwttnmr',NULL,NULL,'AR','referral','{"/ ","/autos"}',286,28,'exploring',false,'2026-04-26T10:13:46.624Z','2026-04-26T10:13:46.624Z'),
('cm73hubc8du95xyv43xbt8ygi','cmoxddfz5000030qs9i92vb83','vqmdhs6t5d8dfq87liid72tlt',NULL,'Pablo Rodríguez','CL','facebook','{"/ ","/autos"}',134,42,'interested',false,'2026-04-18T04:13:46.624Z','2026-04-18T04:13:46.624Z'),
('c7pk509kyr0jotllc33swcg8t','cmoxddfz5000030qs9i92vb83','v954ku1vbov1uozd9kjbn9pnn',NULL,'Lucía Fernández','MX','direct','{"/ ","/autos"}',165,75,'ready_to_buy',false,'2026-04-22T01:13:46.624Z','2026-04-22T01:13:46.624Z'),
('cuch826zjllsxbf6hbcuhn8h5','cmoxddfz5000030qs9i92vb83','v1n46vyz53ai4oywm619poq38','sofia.gonzalez14@gmail.com','Sofía González','CL','direct','{"/ ","/autos"}',450,82,'ready_to_buy',false,'2026-04-29T09:13:46.624Z','2026-04-29T09:13:46.624Z'),
('cft2xylnp9bvh9lz3svrohfox','cmoxddfz5000030qs9i92vb83','vongj01a6845dzk7jbkv4spav',NULL,NULL,'AR','referral','{"/ ","/autos"}',352,59,'evaluating',false,'2026-04-11T15:13:46.628Z','2026-04-11T15:13:46.628Z'),
('cd0u7bm3umzoexi2nea22llik','cmoxddfz5000030qs9i92vb83','vfx674m2v17nrk7gc3t5tymj6',NULL,'Martín García','AR','direct','{"/ ","/autos"}',36,66,'evaluating',false,'2026-04-18T02:13:46.628Z','2026-04-18T02:13:46.628Z'),
('c8m6c9xzlhehe6hi13f25el2k','cmoxddfz5000030qs9i92vb83','vq37uqmert7chndxufar8qfhi',NULL,NULL,'AR','google','{"/ ","/autos"}',292,33,'interested',false,'2026-04-27T14:13:46.628Z','2026-04-27T14:13:46.628Z'),
('cquqxprwfjsz1lo99j4o5urt4','cmoxddfz5000030qs9i92vb83','v305wkhuvc2fwrx6i7d3o5nxt',NULL,'Sofía González','CL','referral','{"/ ","/autos"}',123,20,'exploring',false,'2026-04-12T10:13:46.628Z','2026-04-12T10:13:46.628Z'),
('cbrtoutnt17zb99mbvvt4yz6s','cmoxddfz5000030qs9i92vb83','v2jqn91y40dg9lssyifzkuulm',NULL,'Andrés Pérez','AR','google','{"/ ","/autos"}',452,38,'interested',false,'2026-04-09T20:13:46.628Z','2026-04-09T20:13:46.628Z'),
('c9ndeew4z2bxf242zff886b76','cmoxddfz5000030qs9i92vb83','vdmsfbja36q4hsfr60t8yefe1',NULL,NULL,'ES','instagram','{"/ ","/autos"}',396,82,'ready_to_buy',false,'2026-04-17T17:13:46.628Z','2026-04-17T17:13:46.628Z'),
('cn2xm1aignhy4wpmusxja11s5','cmoxddfz5000030qs9i92vb83','vyhs7dv5a65259zgh57vz8mss','visitante29@gmail.com',NULL,'ES','instagram','{"/ ","/autos"}',146,75,'ready_to_buy',false,'2026-04-29T10:13:46.628Z','2026-04-29T10:13:46.628Z'),
('czdrhy7bm59hyxd8bbyox0g2t','cmoxddfz5000030qs9i92vb83','v4dnq936qrfpp2uk0h6c2jl3p',NULL,NULL,'US','referral','{"/ ","/autos"}',218,33,'interested',false,'2026-05-04T21:13:46.628Z','2026-05-04T21:13:46.628Z'),
('cwk7byr6nn9eeahqmzcx9flc5','cmoxddfz5000030qs9i92vb83','vntlvuccbihfwtvdh7g7kjcvh',NULL,NULL,'CL','direct','{"/ ","/autos"}',309,28,'exploring',false,'2026-04-28T21:13:46.628Z','2026-04-28T21:13:46.628Z'),
('ct43t6sgzgar6xkerihwjq2qe','cmoxddfz5000030qs9i92vb83','v4idin6y86geso19svymkh0xo',NULL,'Carolina Sánchez','US','facebook','{"/ ","/autos"}',199,66,'evaluating',false,'2026-04-26T05:13:46.628Z','2026-04-26T05:13:46.628Z'),
('chuisi3h0vs5fvcpo9etd2iqp','cmoxddfz5000030qs9i92vb83','vxsbo78fh1uja7q76ox5fc4an','visitante33@gmail.com',NULL,'CL','facebook','{"/ ","/autos"}',470,84,'ready_to_buy',false,'2026-04-27T02:13:46.628Z','2026-04-27T02:13:46.628Z'),
('c9x51t7n29hptdvxnncyvupvr','cmoxddfz5000030qs9i92vb83','vsfu829ub500nsflb3bog10q9',NULL,NULL,'AR','google','{"/ ","/autos"}',339,82,'ready_to_buy',false,'2026-04-17T10:13:46.629Z','2026-04-17T10:13:46.629Z'),
('crspklcndi19bn5uce4iiuzam','cmoxddfz5000030qs9i92vb83','vshq6gox9pyezx0q8mb8o9eps',NULL,NULL,'AR','google','{"/ ","/autos"}',168,28,'exploring',false,'2026-04-28T08:13:46.629Z','2026-04-28T08:13:46.629Z'),
('cvotx35wk7u36i1ov07ecyk18','cmoxddfz5000030qs9i92vb83','vxd1p6yr1dqadks26rjbpotzm',NULL,'Martín García','ES','direct','{"/ ","/autos"}',53,10,'exploring',false,'2026-04-24T08:13:46.629Z','2026-04-24T08:13:46.629Z'),
('clkhwn892l7iuwb0qmth91htf','cmoxddfz5000030qs9i92vb83','v6zyputncpm68kc9gt01n4vwz','visitante37@gmail.com',NULL,'AR','facebook','{"/ ","/autos"}',210,99,'hot_lead',true,'2026-05-02T10:13:46.629Z','2026-05-02T10:13:46.629Z'),
('cwa5m2bueqrhsxzptvhnltgfz','cmoxddfz5000030qs9i92vb83','vssm7or9ibwewq9bjydxuiiyl',NULL,'Carolina Sánchez','CL','facebook','{"/ ","/autos"}',334,33,'interested',false,'2026-04-17T06:13:46.629Z','2026-04-17T06:13:46.629Z'),
('cn10m64217gwuzw6l5yzz5vkf','cmoxddfz5000030qs9i92vb83','va6ynuaar0armdnr0shsflr4u',NULL,NULL,'AR','instagram','{"/ ","/autos"}',287,78,'ready_to_buy',false,'2026-04-21T10:13:46.629Z','2026-04-21T10:13:46.629Z'),
('cf3e9qotdwedh36rqiec2ox1f','cmoxddfz5000030qs9i92vb83','vshk4hwjy84j2cox3gcrdrw9z','diego.lopez89@gmail.com','Diego López','AR','google','{"/ ","/autos"}',303,28,'exploring',false,'2026-04-18T13:13:46.629Z','2026-04-18T13:13:46.629Z'),
('c5m8ter8zi2s9uzicyeaw7rb8','cmoxddfz5000030qs9i92vb83','vg3rf6wsdd5mud0lsuep16lm7','diego.lopez88@gmail.com','Diego López','AR','direct','{"/ ","/autos"}',151,63,'evaluating',false,'2026-05-05T13:13:46.629Z','2026-05-05T13:13:46.629Z'),
('cnch0cs54tfex49qelh225j6p','cmoxddfz5000030qs9i92vb83','vb1v72hrsd183hkgf4wzjrpfz',NULL,'Carolina Sánchez','AR','google','{"/ ","/autos"}',434,82,'ready_to_buy',false,'2026-04-27T13:13:46.629Z','2026-04-27T13:13:46.629Z'),
('cbztpho46fsvaecez0wy4m49m','cmoxddfz5000030qs9i92vb83','vndk3pc5ewi9f7thjn0n06e5w',NULL,'Sofía González','AR','facebook','{"/ ","/autos"}',450,68,'evaluating',false,'2026-04-12T22:13:46.629Z','2026-04-12T22:13:46.629Z'),
('cgc086kzd8jz0ur4qe4qrvwy4','cmoxddfz5000030qs9i92vb83','vc1dhwxtm0j339kixpj2bu76s',NULL,'Andrés Pérez','MX','google','{"/ ","/autos"}',99,78,'ready_to_buy',false,'2026-04-19T07:13:46.629Z','2026-04-19T07:13:46.629Z'),
('crorqcpcq20357euy8ph8yk9n','cmoxddfz5000030qs9i92vb83','vlxuf8es0fjp57vlluhz2ifzc','diego.lopez31@gmail.com','Diego López','AR','direct','{"/ ","/autos"}',435,63,'evaluating',false,'2026-04-30T23:13:46.629Z','2026-04-30T23:13:46.629Z'),
('c9j8mys7m09dwsdjqm6ust826','cmoxddfz5000030qs9i92vb83','v4zjoxcqupyemlsa8dbvznmqe','carolina.sanchez69@gmail.com','Carolina Sánchez','AR','instagram','{"/ ","/autos"}',331,84,'ready_to_buy',false,'2026-04-27T07:13:46.629Z','2026-04-27T07:13:46.629Z'),
('c1d16u4jd124bx9e2lis3t99v','cmoxddfz5000030qs9i92vb83','vxcsleyurn136i1jjg6lj9wgc','martin.garcia80@gmail.com','Martín García','AR','direct','{"/ ","/autos"}',315,63,'evaluating',false,'2026-04-17T02:13:46.629Z','2026-04-17T02:13:46.629Z'),
('cdpz6wbvdny4opmtitdcy3tyn','cmoxddfz5000030qs9i92vb83','vdhy6y1xv65a2oy1648yzelfn',NULL,'Martín García','AR','referral','{"/ ","/autos"}',38,38,'interested',false,'2026-04-24T08:13:46.629Z','2026-04-24T08:13:46.629Z'),
('cxrhzqoh9zh98r98f6xioyxos','cmoxddfz5000030qs9i92vb83','vyj04iziys8f30gvdtmn68p63',NULL,'Sofía González','AR','referral','{"/ ","/autos"}',71,55,'evaluating',false,'2026-04-13T16:13:46.629Z','2026-04-13T16:13:46.629Z');

INSERT INTO "Message" (id,"conversationId",role,content,"createdAt") VALUES
('m1dsvj42wxd7ee2lhlq6obli','cs8v67t728weqeg58c1k4bbeu','user','¿Cuánto tarda la transferencia?','2026-04-10T04:13:46.615Z'),
('m2pni0jiuwincqmp108nas1a','cs8v67t728weqeg58c1k4bbeu','assistant','Te recomendaría Corolla, Vento o Cruze para ese presupuesto.','2026-04-10T04:13:46.615Z'),
('m1njbtombrl97t67cy6wnuhi','c5jzbgtp8fh0z9nj5mloytocf','user','¿Tienen descuentos por pago contado?','2026-04-23T18:13:46.623Z'),
('m2dy41phluqtay82xxjyjga9','c5jzbgtp8fh0z9nj5mloytocf','assistant','Sí, tenemos varios 0km con entrega inmediata.','2026-04-23T18:13:46.623Z'),
('m13w5sq2qqkrnnimre6wmbs8','cflmpkfntmigv0szj7pgouijy','user','Busco algo familiar hasta 15 mil dólares','2026-04-22T07:13:46.623Z'),
('m2t93ukjwha4in39roshokw9','cflmpkfntmigv0szj7pgouijy','assistant','El trámite tarda entre 5 y 15 días hábiles.','2026-04-22T07:13:46.623Z'),
('m32gbee73gxqv6gvbt3haolq','cflmpkfntmigv0szj7pgouijy','user','Tienen autos 0km disponibles?','2026-04-22T07:14:26.623Z'),
('m41b9ohdjk6ozks7nmqpewfi','cflmpkfntmigv0szj7pgouijy','assistant','Sí, todos tienen garantía mecánica de 6 meses.','2026-04-22T07:14:26.623Z'),
('m126oejw6hnqb4l0qe5coeti','cu6bn6eo9z79css00g9dxakwo','user','¿Tienen descuentos por pago contado?','2026-04-17T06:13:46.623Z'),
('m2wuwokt49jkq8fx0sxx9y3e','cu6bn6eo9z79css00g9dxakwo','assistant','Para tasaciones necesitamos modelo, año y kilómetros.','2026-04-17T06:13:46.623Z'),
('m1ifwu3bnurykfvar01qix0y','corgroigzlznw5wnbxkm5nfat','user','Busco un auto económico en combustible','2026-04-24T17:13:46.623Z'),
('m2z1tpsprx9yxk6sslugzj21','corgroigzlznw5wnbxkm5nfat','assistant','Al contado hay descuentos de entre 5% y 10%.','2026-04-24T17:13:46.623Z'),
('m1tgavy1vlbqpdbnorhrz125','cqmefaoibb59tt24lx2bhnx66','user','Busco una pickup doble cabina','2026-05-06T20:13:46.623Z'),
('m2ct87xigdrhuv2etiuve4o9','cqmefaoibb59tt24lx2bhnx66','assistant','Al contado hay descuentos de entre 5% y 10%.','2026-05-06T20:13:46.623Z'),
('m1omutcvn6n121ki7tqaq3fe','cnb46m82iup4qwnk634xfz6n4','user','¿Puedo financiar sin recibo de sueldo?','2026-04-16T01:13:46.623Z'),
('m2ceb41g7oc0q3ueb1435b0v','cnb46m82iup4qwnk634xfz6n4','assistant','Al contado hay descuentos de entre 5% y 10%.','2026-04-16T01:13:46.623Z'),
('m3jmpglhzx354cpr4hg64evs','cnb46m82iup4qwnk634xfz6n4','user','Quiero hacer una tasación de mi auto','2026-04-16T01:14:26.623Z'),
('m4wjn1x6sldizspu5a1awoml','cnb46m82iup4qwnk634xfz6n4','assistant','Al contado hay descuentos de entre 5% y 10%.','2026-04-16T01:14:26.623Z'),
('m1cba7wc9qlgsk3zqkioskh1','cj2nvt9ym82n8jgb2j36uono7','user','Tienen autos 0km disponibles?','2026-04-17T17:13:46.624Z'),
('m2k4i6cke26zhj9qk0sw9ap0','cj2nvt9ym82n8jgb2j36uono7','assistant','Al contado hay descuentos de entre 5% y 10%.','2026-04-17T17:13:46.624Z'),
('m1tpyuv03p5sv9eqjr21kw2d','c8gafie0mjz62kzim4uiehd1e','user','¿Tienen descuentos por pago contado?','2026-04-12T12:13:46.624Z'),
('m2grghklkrupm4k1bjccqp7u','c8gafie0mjz62kzim4uiehd1e','assistant','Tenemos Ford Ranger y Toyota Hilux disponibles.','2026-04-12T12:13:46.624Z'),
('m3x15gin1uj3agh8ultxf372','c8gafie0mjz62kzim4uiehd1e','user','¿Tienen descuentos por pago contado?','2026-04-12T12:14:26.624Z'),
('m4xbpj3cbisb2918278rwccf','c8gafie0mjz62kzim4uiehd1e','assistant','Al contado hay descuentos de entre 5% y 10%.','2026-04-12T12:14:26.624Z'),
('m1rxvxq4aovlpsjrp5ciawqw','c76cflwu9hbc6xswcf8swoqzz','user','¿Puedo financiar sin recibo de sueldo?','2026-05-01T07:13:46.624Z'),
('m2pat8jdlsy4hnix1aagmei3','c76cflwu9hbc6xswcf8swoqzz','assistant','Sí, tenemos gran variedad de usados. ¿Tenés presupuesto en mente?','2026-05-01T07:13:46.624Z'),
('m39ljf6zsownakdrf1gs2dql','c76cflwu9hbc6xswcf8swoqzz','user','¿Tienen descuentos por pago contado?','2026-05-01T07:14:26.624Z'),
('m43mipzedo3qzi6dfy6r6yk2','c76cflwu9hbc6xswcf8swoqzz','assistant','Al contado hay descuentos de entre 5% y 10%.','2026-05-01T07:14:26.624Z'),
('m1shwrcy00quh5nwb0gkheeg','c12nlod1f0qh35h2pbgsl8vui','user','Busco un auto económico en combustible','2026-05-04T22:13:46.624Z'),
('m284e5lepjw1ccxul8zvspr9','c12nlod1f0qh35h2pbgsl8vui','assistant','Trabajamos con financieras que aceptan monotributistas.','2026-05-04T22:13:46.624Z'),
('m144rdwe8oqlin5ftb3zomne','cucle693qrgt4jwyf5dgfgwzc','user','Tienen autos 0km disponibles?','2026-04-24T14:13:46.624Z'),
('m24zokcqoahl3mpck7n0im7u','cucle693qrgt4jwyf5dgfgwzc','assistant','Para tasaciones necesitamos modelo, año y kilómetros.','2026-04-24T14:13:46.624Z'),
('m1v0ubaqyrh2jurwu0hqmj7g','c1ode5yo7h3wuz3iw5x1yu40e','user','Busco una pickup doble cabina','2026-05-01T16:13:46.624Z'),
('m2owy22mjv8ul1vsa4q85qnn','c1ode5yo7h3wuz3iw5x1yu40e','assistant','Al contado hay descuentos de entre 5% y 10%.','2026-05-01T16:13:46.624Z'),
('m3kha3xn2ia469gxwxk66732','c1ode5yo7h3wuz3iw5x1yu40e','user','¿El Cronos 2022 tiene garantía?','2026-05-01T16:14:26.624Z'),
('m4om887o5ysdacff8wu985np','c1ode5yo7h3wuz3iw5x1yu40e','assistant','Te recomendaría Corolla, Vento o Cruze para ese presupuesto.','2026-05-01T16:14:26.624Z'),
('m10v3hx0o7c9ylp3qm2ie10r','cxgbgmalo8io084tdx5dl8ylo','user','Quiero hacer una tasación de mi auto','2026-05-02T03:13:46.624Z'),
('m2ojyrmebxmu56ahqnp51puq','cxgbgmalo8io084tdx5dl8ylo','assistant','Sí, tenemos gran variedad de usados. ¿Tenés presupuesto en mente?','2026-05-02T03:13:46.624Z'),
('m1mwds22ge8en79ho1ssm5yw','c8lvgu0kouupniw3ldfad9fsz','user','¿Puedo financiar sin recibo de sueldo?','2026-04-22T16:13:46.624Z'),
('m2ja1mrxfsh9e0qoeczqd1vz','c8lvgu0kouupniw3ldfad9fsz','assistant','Tenemos Ford Ranger y Toyota Hilux disponibles.','2026-04-22T16:13:46.624Z'),
('m1ppp7p64dwhgjaxa0dwu1g4','cx6ks2v3z9mukhstdv1m6gsnt','user','¿Cuánto tarda la transferencia?','2026-04-24T07:13:46.624Z'),
('m2ypzxxtz7raaikugjclo3e4','cx6ks2v3z9mukhstdv1m6gsnt','assistant','Sí, todos tienen garantía mecánica de 6 meses.','2026-04-24T07:13:46.624Z'),
('m1g896whap8vh7cmvvgjinvp','c8snq2pmk9aoia4w71ezazhab','user','¿Cuánto tarda la transferencia?','2026-04-30T13:13:46.624Z'),
('m24s9ng1s5gxb996su4bci5i','c8snq2pmk9aoia4w71ezazhab','assistant','Sí, todos tienen garantía mecánica de 6 meses.','2026-04-30T13:13:46.624Z'),
('m3jcwtpvgwhifsmscib05el0','c8snq2pmk9aoia4w71ezazhab','user','¿El Cronos 2022 tiene garantía?','2026-04-30T13:14:26.624Z'),
('m4mbjqmv0wp8iiyg457xserp','c8snq2pmk9aoia4w71ezazhab','assistant','El trámite tarda entre 5 y 15 días hábiles.','2026-04-30T13:14:26.624Z'),
('m1mqrovdcqeqmwhf870yij8h','cc5acdyvva55oa9nvejgj5w15','user','Busco una pickup doble cabina','2026-04-28T11:13:46.624Z'),
('m2vw1dq7vbff5484yzbw81mt','cc5acdyvva55oa9nvejgj5w15','assistant','Sí, tenemos gran variedad de usados. ¿Tenés presupuesto en mente?','2026-04-28T11:13:46.624Z'),
('m3qu7jmfog9jn2r8whwkbm93','cc5acdyvva55oa9nvejgj5w15','user','Tienen autos 0km disponibles?','2026-04-28T11:14:26.624Z'),
('m46vq6gppgoc3et97ieyjd7c','cc5acdyvva55oa9nvejgj5w15','assistant','Sí, tenemos varios 0km con entrega inmediata.','2026-04-28T11:14:26.624Z'),
('m14y8m3gxurq87u3wsnp1gp6','c54dq8388ukfuylus6cuspgy8','user','¿El Cronos 2022 tiene garantía?','2026-04-14T06:13:46.624Z'),
('m2x6spz0xeltvq7opcphchop','c54dq8388ukfuylus6cuspgy8','assistant','Tenemos Ford Ranger y Toyota Hilux disponibles.','2026-04-14T06:13:46.624Z'),
('m3nhkp70djuwncpy299qyh0p','c54dq8388ukfuylus6cuspgy8','user','Quiero hacer una tasación de mi auto','2026-04-14T06:14:26.624Z'),
('m4ti37t690uqp4lrxtynkrx4','c54dq8388ukfuylus6cuspgy8','assistant','El Fiat Argo y el Chevrolet Onix son los más económicos.','2026-04-14T06:14:26.624Z'),
('m1xyratfufsixji9gkhc5ooo','cd5c46s28fs846gngagtxefwl','user','Busco algo familiar hasta 15 mil dólares','2026-04-26T10:13:46.624Z'),
('m2fqvpbaynk4mb018zjcnbhm','cd5c46s28fs846gngagtxefwl','assistant','El Fiat Argo y el Chevrolet Onix son los más económicos.','2026-04-26T10:13:46.624Z'),
('m1x5i7izbz5t4lircy6havcj','cm73hubc8du95xyv43xbt8ygi','user','Busco un auto económico en combustible','2026-04-18T04:13:46.624Z'),
('m2vkkspqy790ey006parafo2','cm73hubc8du95xyv43xbt8ygi','assistant','Sí, tenemos gran variedad de usados. ¿Tenés presupuesto en mente?','2026-04-18T04:13:46.624Z'),
('m1mzszlksfbez0qfmqpo08ap','c7pk509kyr0jotllc33swcg8t','user','Busco un auto económico en combustible','2026-04-22T01:13:46.624Z'),
('m2760a1xjxapcgdcdavrho85','c7pk509kyr0jotllc33swcg8t','assistant','El trámite tarda entre 5 y 15 días hábiles.','2026-04-22T01:13:46.624Z'),
('m3heghnyfpgunfpwg4ln3flq','c7pk509kyr0jotllc33swcg8t','user','¿El Cronos 2022 tiene garantía?','2026-04-22T01:14:26.624Z'),
('m417ilryie566ibd1g674xjr','c7pk509kyr0jotllc33swcg8t','assistant','El trámite tarda entre 5 y 15 días hábiles.','2026-04-22T01:14:26.624Z'),
('m1x4v9e5iyzteqxumr13hidb','cuch826zjllsxbf6hbcuhn8h5','user','Busco un auto económico en combustible','2026-04-29T09:13:46.624Z'),
('m2px2a0cpp52qp4uyiixz0ba','cuch826zjllsxbf6hbcuhn8h5','assistant','El Fiat Argo y el Chevrolet Onix son los más económicos.','2026-04-29T09:13:46.624Z'),
('m3jq3xrj6k6ot2znycc41bze','cuch826zjllsxbf6hbcuhn8h5','user','Busco un auto económico en combustible','2026-04-29T09:14:26.624Z'),
('m4zfx6yqfq9hh9wlfa0jyipo','cuch826zjllsxbf6hbcuhn8h5','assistant','Sí, todos tienen garantía mecánica de 6 meses.','2026-04-29T09:14:26.624Z'),
('m1elmg933cbsj4g4i5zl7cgw','cft2xylnp9bvh9lz3svrohfox','user','Hola, quería saber si tienen autos usados disponibles','2026-04-11T15:13:46.628Z'),
('m2x2ym8pr1cmxeo9mq14g2c5','cft2xylnp9bvh9lz3svrohfox','assistant','Para tasaciones necesitamos modelo, año y kilómetros.','2026-04-11T15:13:46.628Z'),
('m375mlrwty9om5ujwlqr1d05','cft2xylnp9bvh9lz3svrohfox','user','¿El Cronos 2022 tiene garantía?','2026-04-11T15:14:26.628Z'),
('m48e966dox145lpshduteiwm','cft2xylnp9bvh9lz3svrohfox','assistant','Tenemos Ford Ranger y Toyota Hilux disponibles.','2026-04-11T15:14:26.628Z'),
('m1f845d0sq5563bmamh034aa','cd0u7bm3umzoexi2nea22llik','user','¿Cuánto tarda la transferencia?','2026-04-18T02:13:46.628Z'),
('m27mxif6falhxtff2oiuyh8y','cd0u7bm3umzoexi2nea22llik','assistant','Para tasaciones necesitamos modelo, año y kilómetros.','2026-04-18T02:13:46.628Z'),
('m3pa9kvlpv51bdfh8drnj2qd','cd0u7bm3umzoexi2nea22llik','user','Busco un auto económico en combustible','2026-04-18T02:14:26.628Z'),
('m4d7o4b81lopb8jpum4e0flb','cd0u7bm3umzoexi2nea22llik','assistant','Tenemos Ford Ranger y Toyota Hilux disponibles.','2026-04-18T02:14:26.628Z'),
('m1u0z53fqmc0ajxy1antgv3u','c8m6c9xzlhehe6hi13f25el2k','user','Hola, quería saber si tienen autos usados disponibles','2026-04-27T14:13:46.628Z'),
('m2nsjo80rea7xtid7cx8z8n7','c8m6c9xzlhehe6hi13f25el2k','assistant','Trabajamos con financieras que aceptan monotributistas.','2026-04-27T14:13:46.628Z'),
('m1vettquvvho80g13ibr6g3u','cquqxprwfjsz1lo99j4o5urt4','user','¿Tienen descuentos por pago contado?','2026-04-12T10:13:46.628Z'),
('m2xezd0bu8rgxox1jbiu8i11','cquqxprwfjsz1lo99j4o5urt4','assistant','Para tasaciones necesitamos modelo, año y kilómetros.','2026-04-12T10:13:46.628Z'),
('m17z96roeiuqfa6ge4wuk88z','cbrtoutnt17zb99mbvvt4yz6s','user','Quiero hacer una tasación de mi auto','2026-04-09T20:13:46.628Z'),
('m29konclrjai876x2af69qp8','cbrtoutnt17zb99mbvvt4yz6s','assistant','Para tasaciones necesitamos modelo, año y kilómetros.','2026-04-09T20:13:46.628Z'),
('m1k1n089lohd7qpl7jqmk1hb','c9ndeew4z2bxf242zff886b76','user','Busco algo familiar hasta 15 mil dólares','2026-04-17T17:13:46.628Z'),
('m2k9961gnac7d17umwiex93z','c9ndeew4z2bxf242zff886b76','assistant','Al contado hay descuentos de entre 5% y 10%.','2026-04-17T17:13:46.628Z'),
('m3lukeioo9gc0hvl5dilpjhw','c9ndeew4z2bxf242zff886b76','user','¿Puedo financiar sin recibo de sueldo?','2026-04-17T17:14:26.628Z'),
('m4bgiv25czal78c9qfhtbmm6','c9ndeew4z2bxf242zff886b76','assistant','Te recomendaría Corolla, Vento o Cruze para ese presupuesto.','2026-04-17T17:14:26.628Z'),
('m1sxwbez6u6x625l0t6asvup','cn2xm1aignhy4wpmusxja11s5','user','Hola, quería saber si tienen autos usados disponibles','2026-04-29T10:13:46.628Z'),
('m24odk5ftosom130idwt5s3h','cn2xm1aignhy4wpmusxja11s5','assistant','Para tasaciones necesitamos modelo, año y kilómetros.','2026-04-29T10:13:46.628Z'),
('m3g3v130006s4bj0er0r7ias','cn2xm1aignhy4wpmusxja11s5','user','Busco algo familiar hasta 15 mil dólares','2026-04-29T10:14:26.628Z'),
('m4x2ufpmeha3ov344jh4e215','cn2xm1aignhy4wpmusxja11s5','assistant','Trabajamos con financieras que aceptan monotributistas.','2026-04-29T10:14:26.628Z'),
('m105dzr2xllr2ig8biwzqt10','czdrhy7bm59hyxd8bbyox0g2t','user','¿Puedo financiar sin recibo de sueldo?','2026-05-04T21:13:46.628Z'),
('m2qbs2x86obmru7ao2kastkw','czdrhy7bm59hyxd8bbyox0g2t','assistant','Sí, tenemos varios 0km con entrega inmediata.','2026-05-04T21:13:46.628Z'),
('m16lra5z6utnck4p8epq7ppe','cwk7byr6nn9eeahqmzcx9flc5','user','Hola, quería saber si tienen autos usados disponibles','2026-04-28T21:13:46.628Z'),
('m2qwrseo88sd4e0rex9bstiz','cwk7byr6nn9eeahqmzcx9flc5','assistant','Para tasaciones necesitamos modelo, año y kilómetros.','2026-04-28T21:13:46.628Z'),
('m1em8vgcpwwb1hny41sn1jx8','ct43t6sgzgar6xkerihwjq2qe','user','Tienen autos 0km disponibles?','2026-04-26T05:13:46.628Z'),
('m2a75iumdagyojq46ef8yox0','ct43t6sgzgar6xkerihwjq2qe','assistant','Sí, tenemos varios 0km con entrega inmediata.','2026-04-26T05:13:46.628Z'),
('m3lvvyih4r65ussgc1dvr9gg','ct43t6sgzgar6xkerihwjq2qe','user','¿Puedo financiar sin recibo de sueldo?','2026-04-26T05:14:26.628Z'),
('m41v1q4tbfc0y46yw1eqzdhf','ct43t6sgzgar6xkerihwjq2qe','assistant','El trámite tarda entre 5 y 15 días hábiles.','2026-04-26T05:14:26.628Z'),
('m1gllsq0wuyarcbrrglpjrkb','chuisi3h0vs5fvcpo9etd2iqp','user','Hola, quería saber si tienen autos usados disponibles','2026-04-27T02:13:46.628Z'),
('m21i7r1xfxfl7i315thgg70w','chuisi3h0vs5fvcpo9etd2iqp','assistant','Trabajamos con financieras que aceptan monotributistas.','2026-04-27T02:13:46.628Z'),
('m32wcagvf4hwe2yxjz69iqlu','chuisi3h0vs5fvcpo9etd2iqp','user','¿Puedo financiar sin recibo de sueldo?','2026-04-27T02:14:26.628Z'),
('m4c80118qr4u8kh7pktik3d8','chuisi3h0vs5fvcpo9etd2iqp','assistant','Sí, tenemos gran variedad de usados. ¿Tenés presupuesto en mente?','2026-04-27T02:14:26.628Z'),
('m1wxhu2c0fcibu8vcu8x7l2x','c9x51t7n29hptdvxnncyvupvr','user','Quiero hacer una tasación de mi auto','2026-04-17T10:13:46.629Z'),
('m2ooky59tj2sj38ha9j4qkx5','c9x51t7n29hptdvxnncyvupvr','assistant','Sí, todos tienen garantía mecánica de 6 meses.','2026-04-17T10:13:46.629Z'),
('m39qs37j9zvroj69rrqajlho','c9x51t7n29hptdvxnncyvupvr','user','¿Cuánto tarda la transferencia?','2026-04-17T10:14:26.629Z'),
('m4tlrr8w0oqzhhdnf637u8i2','c9x51t7n29hptdvxnncyvupvr','assistant','Tenemos Ford Ranger y Toyota Hilux disponibles.','2026-04-17T10:14:26.629Z'),
('m1rrw86pdrxapkt56oe8hb7l','crspklcndi19bn5uce4iiuzam','user','¿El Cronos 2022 tiene garantía?','2026-04-28T08:13:46.629Z'),
('m2mjrx0bu9bzpceobwgqyjrd','crspklcndi19bn5uce4iiuzam','assistant','El trámite tarda entre 5 y 15 días hábiles.','2026-04-28T08:13:46.629Z'),
('m1p16x9fozpa76iw7qw66dq3','cvotx35wk7u36i1ov07ecyk18','user','Busco un auto económico en combustible','2026-04-24T08:13:46.629Z'),
('m2jlr45o6k1r68b8m0qs3b88','cvotx35wk7u36i1ov07ecyk18','assistant','Al contado hay descuentos de entre 5% y 10%.','2026-04-24T08:13:46.629Z'),
('m16fcfmydn1ra10twm9389iu','clkhwn892l7iuwb0qmth91htf','user','Quiero hacer una tasación de mi auto','2026-05-02T10:13:46.629Z'),
('m2e5hr8xr0ghaquu1lxgl9vl','clkhwn892l7iuwb0qmth91htf','assistant','Sí, tenemos varios 0km con entrega inmediata.','2026-05-02T10:13:46.629Z'),
('m3u86scmgatzgjfi0mkr4v1a','clkhwn892l7iuwb0qmth91htf','user','Busco un auto económico en combustible','2026-05-02T10:14:26.629Z'),
('m48chiy6zwtk45v5vnspeutl','clkhwn892l7iuwb0qmth91htf','assistant','Sí, tenemos varios 0km con entrega inmediata.','2026-05-02T10:14:26.629Z'),
('m1y3kky5boj5t6b6kfzmkisx','cwa5m2bueqrhsxzptvhnltgfz','user','Quiero hacer una tasación de mi auto','2026-04-17T06:13:46.629Z'),
('m2mak1n5n68ncdx1f8clubuu','cwa5m2bueqrhsxzptvhnltgfz','assistant','El trámite tarda entre 5 y 15 días hábiles.','2026-04-17T06:13:46.629Z'),
('m1bmg7ixahcvlm6ac38o08uy','cn10m64217gwuzw6l5yzz5vkf','user','Quiero hacer una tasación de mi auto','2026-04-21T10:13:46.629Z'),
('m2cx6we74x08dq48wkqduonu','cn10m64217gwuzw6l5yzz5vkf','assistant','Sí, tenemos gran variedad de usados. ¿Tenés presupuesto en mente?','2026-04-21T10:13:46.629Z'),
('m33b4m5pgvnh7pag3svb422q','cn10m64217gwuzw6l5yzz5vkf','user','Busco algo familiar hasta 15 mil dólares','2026-04-21T10:14:26.629Z'),
('m43c8lsy0rbu6g0aw6dujs6c','cn10m64217gwuzw6l5yzz5vkf','assistant','El Fiat Argo y el Chevrolet Onix son los más económicos.','2026-04-21T10:14:26.629Z'),
('m19pwgxnszkxiz68rav4ts95','cf3e9qotdwedh36rqiec2ox1f','user','Tienen autos 0km disponibles?','2026-04-18T13:13:46.629Z'),
('m2grw5lhhdoxxwd49i4ytntt','cf3e9qotdwedh36rqiec2ox1f','assistant','El Fiat Argo y el Chevrolet Onix son los más económicos.','2026-04-18T13:13:46.629Z'),
('m1d63u56r9dyh63sxzj8lx0b','c5m8ter8zi2s9uzicyeaw7rb8','user','Hola, quería saber si tienen autos usados disponibles','2026-05-05T13:13:46.629Z'),
('m2pldoqx4e3mtdb0eje5h6ml','c5m8ter8zi2s9uzicyeaw7rb8','assistant','Sí, todos tienen garantía mecánica de 6 meses.','2026-05-05T13:13:46.629Z'),
('m3jm19dlsriox9ki2xf1ioe6','c5m8ter8zi2s9uzicyeaw7rb8','user','Busco una pickup doble cabina','2026-05-05T13:14:26.629Z'),
('m41kxkbz7xv7q3vsasp3lyhl','c5m8ter8zi2s9uzicyeaw7rb8','assistant','Para tasaciones necesitamos modelo, año y kilómetros.','2026-05-05T13:14:26.629Z'),
('m1uahq9d8sjf6mw0zzrz8wfw','cnch0cs54tfex49qelh225j6p','user','Tienen autos 0km disponibles?','2026-04-27T13:13:46.629Z'),
('m237i4aadq8sd53rjfv4l7om','cnch0cs54tfex49qelh225j6p','assistant','Sí, tenemos gran variedad de usados. ¿Tenés presupuesto en mente?','2026-04-27T13:13:46.629Z'),
('m3fks9k1m42awvscd8sjrhpc','cnch0cs54tfex49qelh225j6p','user','Hola, quería saber si tienen autos usados disponibles','2026-04-27T13:14:26.629Z'),
('m40yw5037zai0vxk5ir53k81','cnch0cs54tfex49qelh225j6p','assistant','Sí, tenemos varios 0km con entrega inmediata.','2026-04-27T13:14:26.629Z'),
('m1e24078ipfrrewt4p3s8ops','cbztpho46fsvaecez0wy4m49m','user','Busco una pickup doble cabina','2026-04-12T22:13:46.629Z'),
('m2yfyjsc5hlxb0zu7zca4n0i','cbztpho46fsvaecez0wy4m49m','assistant','Al contado hay descuentos de entre 5% y 10%.','2026-04-12T22:13:46.629Z'),
('m3rhnqiafg27gc4ih0fmq17s','cbztpho46fsvaecez0wy4m49m','user','Hola, quería saber si tienen autos usados disponibles','2026-04-12T22:14:26.629Z'),
('m44vcoclivmxez9i1a49v3r2','cbztpho46fsvaecez0wy4m49m','assistant','El Fiat Argo y el Chevrolet Onix son los más económicos.','2026-04-12T22:14:26.629Z'),
('m18bzziactuoj1akmjqs2kcz','cgc086kzd8jz0ur4qe4qrvwy4','user','Busco una pickup doble cabina','2026-04-19T07:13:46.629Z'),
('m2thazm4s8yyxozx9li0o6m6','cgc086kzd8jz0ur4qe4qrvwy4','assistant','El Fiat Argo y el Chevrolet Onix son los más económicos.','2026-04-19T07:13:46.629Z'),
('m31k7vjgzk0f9cy4ork4jadi','cgc086kzd8jz0ur4qe4qrvwy4','user','¿Tienen descuentos por pago contado?','2026-04-19T07:14:26.629Z'),
('m4xg2bu7m1lcefg48t0j779o','cgc086kzd8jz0ur4qe4qrvwy4','assistant','Sí, tenemos gran variedad de usados. ¿Tenés presupuesto en mente?','2026-04-19T07:14:26.629Z'),
('m1jntpdsrm8ptjiw59t5v5g5','crorqcpcq20357euy8ph8yk9n','user','Busco un auto económico en combustible','2026-04-30T23:13:46.629Z'),
('m2x6kheqnhwxlulzlyxpqe42','crorqcpcq20357euy8ph8yk9n','assistant','Sí, tenemos gran variedad de usados. ¿Tenés presupuesto en mente?','2026-04-30T23:13:46.629Z'),
('m3mk1mrhf728p7lwrt7yma7n','crorqcpcq20357euy8ph8yk9n','user','Busco algo familiar hasta 15 mil dólares','2026-04-30T23:14:26.629Z'),
('m4vnqtr3345vcmvslr2jso96','crorqcpcq20357euy8ph8yk9n','assistant','Te recomendaría Corolla, Vento o Cruze para ese presupuesto.','2026-04-30T23:14:26.629Z'),
('m1yxmdsclws52foakd7x8be4','c9j8mys7m09dwsdjqm6ust826','user','¿El Cronos 2022 tiene garantía?','2026-04-27T07:13:46.629Z'),
('m2we7tnfxl8du62akdptchf7','c9j8mys7m09dwsdjqm6ust826','assistant','Te recomendaría Corolla, Vento o Cruze para ese presupuesto.','2026-04-27T07:13:46.629Z'),
('m34eunarzr92f4do2qbnbu2c','c9j8mys7m09dwsdjqm6ust826','user','¿El Cronos 2022 tiene garantía?','2026-04-27T07:14:26.629Z'),
('m4cq00cl9vrz719cde6q4wr3','c9j8mys7m09dwsdjqm6ust826','assistant','Sí, tenemos gran variedad de usados. ¿Tenés presupuesto en mente?','2026-04-27T07:14:26.629Z'),
('m1jff2iwqjzbkmfq60nqja5v','c1d16u4jd124bx9e2lis3t99v','user','¿Puedo financiar sin recibo de sueldo?','2026-04-17T02:13:46.629Z'),
('m2txfj0mdykjlk1igcg8ng3b','c1d16u4jd124bx9e2lis3t99v','assistant','Para tasaciones necesitamos modelo, año y kilómetros.','2026-04-17T02:13:46.629Z'),
('m3lacloaraleimvzonla7lv8','c1d16u4jd124bx9e2lis3t99v','user','Busco algo familiar hasta 15 mil dólares','2026-04-17T02:14:26.629Z'),
('m4te81qwfdz0urefnb91y5vg','c1d16u4jd124bx9e2lis3t99v','assistant','Sí, todos tienen garantía mecánica de 6 meses.','2026-04-17T02:14:26.629Z'),
('m1fgw9f8fjcxvydwueq5atpx','cdpz6wbvdny4opmtitdcy3tyn','user','¿Cuánto tarda la transferencia?','2026-04-24T08:13:46.629Z'),
('m26g1dvoayoi16ql97nciowu','cdpz6wbvdny4opmtitdcy3tyn','assistant','El Fiat Argo y el Chevrolet Onix son los más económicos.','2026-04-24T08:13:46.629Z'),
('m1ehx4gr3ltz633g81fnji5w','cxrhzqoh9zh98r98f6xioyxos','user','¿Cuánto tarda la transferencia?','2026-04-13T16:13:46.629Z'),
('m2qlwlpgagw4hvca4f2asdsi','cxrhzqoh9zh98r98f6xioyxos','assistant','El trámite tarda entre 5 y 15 días hábiles.','2026-04-13T16:13:46.629Z'),
('m3tgnzgrfdgs2isftdo77moz','cxrhzqoh9zh98r98f6xioyxos','user','¿Puedo financiar sin recibo de sueldo?','2026-04-13T16:14:26.629Z'),
('m4kha9z48s1cooq4zokd398u','cxrhzqoh9zh98r98f6xioyxos','assistant','Sí, tenemos gran variedad de usados. ¿Tenés presupuesto en mente?','2026-04-13T16:14:26.629Z');

INSERT INTO "VisitorProfile" (id,"visitorId","siteId",email,name,"totalVisits","totalMessages","totalTime","maxIntentScore","maxIntentLabel","demoBooked","firstSeenAt","lastSeenAt",country,"topSource") VALUES
('vpucnj8xli04gt7mgazbc43n5','vqi341hnbnorg6r3dbox7zwxu','cmoxddfz5000030qs9i92vb83','andres.perez61@gmail.com','Andrés Pérez',1,2,259,38,'interested',false,'2026-04-10T04:13:46.615Z','2026-04-10T04:13:46.615Z','AR','google'),
('vp2ey1dgxihowy4b6l7tnpjyd','v4wjluu5q5b3q8b4w9dv4enfh','cmoxddfz5000030qs9i92vb83',NULL,'Martín García',1,2,91,28,'exploring',false,'2026-04-23T18:13:46.623Z','2026-04-23T18:13:46.623Z','AR','google'),
('vpt1spopxt2rp0zmvgvb8eksv','v3tz2sbs7ahahd0vgrehcn5nb','cmoxddfz5000030qs9i92vb83','lucia.fernandez15@gmail.com','Lucía Fernández',1,4,410,66,'evaluating',false,'2026-04-22T07:13:46.623Z','2026-04-22T07:13:46.623Z','CL','direct'),
('vp69tbp5yb36vux3ni9bfmiug','vle3jun392c85k21ot3al39bt','cmoxddfz5000030qs9i92vb83',NULL,NULL,1,2,31,15,'exploring',false,'2026-04-17T06:13:46.623Z','2026-04-17T06:13:46.623Z','AR','instagram'),
('vpyiy8zua8htds6t5m2eomam7','vf8g9h5f0c5tbigqxwr471z2l','cmoxddfz5000030qs9i92vb83',NULL,'Ana Martínez',1,2,479,38,'interested',false,'2026-04-24T17:13:46.623Z','2026-04-24T17:13:46.623Z','AR','direct'),
('vpxcfw8q58b7nm3pogehi6xue','vjsyqi8lm678u8fnxpyhjl3qz','cmoxddfz5000030qs9i92vb83',NULL,'Andrés Pérez',1,2,182,33,'interested',false,'2026-05-06T20:13:46.623Z','2026-05-06T20:13:46.623Z','AR','direct'),
('vp1t7ax2fep0ukts1qfvphmjl','vgrsdjux8yzpyym4vnlqwq3iz','cmoxddfz5000030qs9i92vb83',NULL,'Lucía Fernández',1,4,38,51,'interested',false,'2026-04-16T01:13:46.623Z','2026-04-16T01:13:46.623Z','AR','direct'),
('vpq3hv6maie8mgvj62v9n3a81','vnnlozytub1q1swl707geuyag','cmoxddfz5000030qs9i92vb83','lucia.fernandez27@gmail.com','Lucía Fernández',1,2,246,15,'exploring',false,'2026-04-17T17:13:46.624Z','2026-04-17T17:13:46.624Z','AR','referral'),
('vp5yfidn57i8d6dvp11eznljp','v1eprknivdo3o17c3djkzddqg','cmoxddfz5000030qs9i92vb83',NULL,NULL,1,4,395,66,'evaluating',false,'2026-04-12T12:13:46.624Z','2026-04-12T12:13:46.624Z','AR','facebook'),
('vp8cxt25xmd5nlm8umlsplotb','vx5fbwxbi47gkjhid7v8qn0fm','cmoxddfz5000030qs9i92vb83',NULL,'Sofía González',1,4,181,68,'evaluating',false,'2026-05-01T07:13:46.624Z','2026-05-01T07:13:46.624Z','ES','instagram'),
('vp3cz7f7f7ajtypedo7380xhn','vkmpltazbtzi9ry1ids2bi9ea','cmoxddfz5000030qs9i92vb83','visitante10@gmail.com',NULL,1,2,82,10,'exploring',false,'2026-05-04T22:13:46.624Z','2026-05-04T22:13:46.624Z','ES','facebook'),
('vpa76ck77cu1r0cpgkd4kem1e','vny3c41is462ve15ert1o59o4','cmoxddfz5000030qs9i92vb83','andres.perez33@gmail.com','Andrés Pérez',1,2,194,10,'exploring',false,'2026-04-24T14:13:46.624Z','2026-04-24T14:13:46.624Z','CL','google'),
('vpnl24w9nz4uyr95rpefp5awe','vrn2zz18f6n82ggw8vdx1fnkb','cmoxddfz5000030qs9i92vb83',NULL,NULL,1,6,313,99,'hot_lead',false,'2026-05-01T16:13:46.624Z','2026-05-01T16:13:46.624Z','AR','google'),
('vp2tyhnje5ensno09ecknzvr0','veynotr0d9veemcy4hvrdi55d','cmoxddfz5000030qs9i92vb83',NULL,'Pablo Rodríguez',1,2,326,25,'exploring',false,'2026-05-02T03:13:46.624Z','2026-05-02T03:13:46.624Z','AR','google'),
('vpmfszh8k7jg7h6vbqwonpjlq','v7w7uddcjt5x60s5hjq3pqda9','cmoxddfz5000030qs9i92vb83',NULL,'Lucía Fernández',1,2,124,28,'exploring',false,'2026-04-22T16:13:46.624Z','2026-04-22T16:13:46.624Z','AR','referral'),
('vp6cz22hst1jewainh0e1d05u','vtnl3r0lna1wscxd1w6ijp3an','cmoxddfz5000030qs9i92vb83','visitante15@gmail.com',NULL,1,2,434,25,'exploring',false,'2026-04-24T07:13:46.624Z','2026-04-24T07:13:46.624Z','MX','direct'),
('vp5brk9k712gjg4os0s484qu8','vd7q673ck07dferkgom1jd57f','cmoxddfz5000030qs9i92vb83',NULL,'Martín García',1,4,151,55,'evaluating',false,'2026-04-30T13:13:46.624Z','2026-04-30T13:13:46.624Z','US','google'),
('vpvk80jv58zjpea8byyyuy5pl','vrwpkgsremrl4x7x2w9bi4d91','cmoxddfz5000030qs9i92vb83',NULL,NULL,1,4,333,59,'evaluating',false,'2026-04-28T11:13:46.624Z','2026-04-28T11:13:46.624Z','AR','direct'),
('vp1lpdvxq3jjrgcl68zum9ttq','v4r1idbojtm0b3j7g7qnsqdzf','cmoxddfz5000030qs9i92vb83',NULL,'Ana Martínez',1,4,274,66,'evaluating',false,'2026-04-14T06:13:46.624Z','2026-04-14T06:13:46.624Z','MX','google'),
('vpwfg0kx15k14sleyno6fh7yg','vtk89zu6qc84e61fhsrwttnmr','cmoxddfz5000030qs9i92vb83',NULL,NULL,1,2,286,28,'exploring',false,'2026-04-26T10:13:46.624Z','2026-04-26T10:13:46.624Z','AR','referral'),
('vppw5hhx0b1d0s2l3j5agyp0k','vqmdhs6t5d8dfq87liid72tlt','cmoxddfz5000030qs9i92vb83',NULL,'Pablo Rodríguez',1,2,134,42,'interested',false,'2026-04-18T04:13:46.624Z','2026-04-18T04:13:46.624Z','CL','facebook'),
('vp852n79da991awnqq2ugjvja','v954ku1vbov1uozd9kjbn9pnn','cmoxddfz5000030qs9i92vb83',NULL,'Lucía Fernández',1,6,165,75,'ready_to_buy',false,'2026-04-22T01:13:46.624Z','2026-04-22T01:13:46.624Z','MX','direct'),
('vpdqyaj7rko7fw3achqk96rz9','v1n46vyz53ai4oywm619poq38','cmoxddfz5000030qs9i92vb83','sofia.gonzalez14@gmail.com','Sofía González',1,6,450,82,'ready_to_buy',false,'2026-04-29T09:13:46.624Z','2026-04-29T09:13:46.624Z','CL','direct'),
('vp3vc1l1xc858ksizgd1jc2gb','vongj01a6845dzk7jbkv4spav','cmoxddfz5000030qs9i92vb83',NULL,NULL,1,4,352,59,'evaluating',false,'2026-04-11T15:13:46.628Z','2026-04-11T15:13:46.628Z','AR','referral'),
('vpjsc3co43yl7onr6rydp88fe','vfx674m2v17nrk7gc3t5tymj6','cmoxddfz5000030qs9i92vb83',NULL,'Martín García',1,4,36,66,'evaluating',false,'2026-04-18T02:13:46.628Z','2026-04-18T02:13:46.628Z','AR','direct'),
('vp6dw39p1shfy3za64akgke9v','vq37uqmert7chndxufar8qfhi','cmoxddfz5000030qs9i92vb83',NULL,NULL,1,2,292,33,'interested',false,'2026-04-27T14:13:46.628Z','2026-04-27T14:13:46.628Z','AR','google'),
('vpq9jc3yotby5by9y3vpausad','v305wkhuvc2fwrx6i7d3o5nxt','cmoxddfz5000030qs9i92vb83',NULL,'Sofía González',1,2,123,20,'exploring',false,'2026-04-12T10:13:46.628Z','2026-04-12T10:13:46.628Z','CL','referral'),
('vpc8vzxnyyx58nx20mt2r61az','v2jqn91y40dg9lssyifzkuulm','cmoxddfz5000030qs9i92vb83',NULL,'Andrés Pérez',1,2,452,38,'interested',false,'2026-04-09T20:13:46.628Z','2026-04-09T20:13:46.628Z','AR','google'),
('vpj6lpmjtzpndgihpupcvj9bp','vdmsfbja36q4hsfr60t8yefe1','cmoxddfz5000030qs9i92vb83',NULL,NULL,1,6,396,82,'ready_to_buy',false,'2026-04-17T17:13:46.628Z','2026-04-17T17:13:46.628Z','ES','instagram'),
('vp4sjd5b70n4z0ozj0l2v3n4x','vyhs7dv5a65259zgh57vz8mss','cmoxddfz5000030qs9i92vb83','visitante29@gmail.com',NULL,1,6,146,75,'ready_to_buy',false,'2026-04-29T10:13:46.628Z','2026-04-29T10:13:46.628Z','ES','instagram'),
('vpx3x3tig3tqqdnu2okft22zl','v4dnq936qrfpp2uk0h6c2jl3p','cmoxddfz5000030qs9i92vb83',NULL,NULL,1,2,218,33,'interested',false,'2026-05-04T21:13:46.628Z','2026-05-04T21:13:46.628Z','US','referral'),
('vpk1bgffnjdlcrumrgpviwcau','vntlvuccbihfwtvdh7g7kjcvh','cmoxddfz5000030qs9i92vb83',NULL,NULL,1,2,309,28,'exploring',false,'2026-04-28T21:13:46.628Z','2026-04-28T21:13:46.628Z','CL','direct'),
('vpyj2j37xry8wk25ilialefaa','v4idin6y86geso19svymkh0xo','cmoxddfz5000030qs9i92vb83',NULL,'Carolina Sánchez',1,4,199,66,'evaluating',false,'2026-04-26T05:13:46.628Z','2026-04-26T05:13:46.628Z','US','facebook'),
('vpkef488g3x7maz91fms2diqw','vxsbo78fh1uja7q76ox5fc4an','cmoxddfz5000030qs9i92vb83','visitante33@gmail.com',NULL,1,6,470,84,'ready_to_buy',false,'2026-04-27T02:13:46.628Z','2026-04-27T02:13:46.628Z','CL','facebook'),
('vp8zn7ohno02tx5fdntjtj4zg','vsfu829ub500nsflb3bog10q9','cmoxddfz5000030qs9i92vb83',NULL,NULL,1,6,339,82,'ready_to_buy',false,'2026-04-17T10:13:46.629Z','2026-04-17T10:13:46.629Z','AR','google'),
('vpufqadu0v6sdw0s6z3p5yosh','vshq6gox9pyezx0q8mb8o9eps','cmoxddfz5000030qs9i92vb83',NULL,NULL,1,2,168,28,'exploring',false,'2026-04-28T08:13:46.629Z','2026-04-28T08:13:46.629Z','AR','google'),
('vp9uf8f2942ofrzgfd3pcbc97','vxd1p6yr1dqadks26rjbpotzm','cmoxddfz5000030qs9i92vb83',NULL,'Martín García',1,2,53,10,'exploring',false,'2026-04-24T08:13:46.629Z','2026-04-24T08:13:46.629Z','ES','direct'),
('vpu5e83degsn9kmfaqnupvyam','v6zyputncpm68kc9gt01n4vwz','cmoxddfz5000030qs9i92vb83','visitante37@gmail.com',NULL,1,6,210,99,'hot_lead',false,'2026-05-02T10:13:46.629Z','2026-05-02T10:13:46.629Z','AR','facebook'),
('vpjt48p2115jlns9676yrhnvc','vssm7or9ibwewq9bjydxuiiyl','cmoxddfz5000030qs9i92vb83',NULL,'Carolina Sánchez',1,2,334,33,'interested',false,'2026-04-17T06:13:46.629Z','2026-04-17T06:13:46.629Z','CL','facebook'),
('vpg9gwlpiz2fq8dojpwg2qrw4','va6ynuaar0armdnr0shsflr4u','cmoxddfz5000030qs9i92vb83',NULL,NULL,1,6,287,78,'ready_to_buy',false,'2026-04-21T10:13:46.629Z','2026-04-21T10:13:46.629Z','AR','instagram'),
('vpm1vulgn7gg53bfi8h56gnje','vshk4hwjy84j2cox3gcrdrw9z','cmoxddfz5000030qs9i92vb83','diego.lopez89@gmail.com','Diego López',1,2,303,28,'exploring',false,'2026-04-18T13:13:46.629Z','2026-04-18T13:13:46.629Z','AR','google'),
('vpga4pdnm504dc4beyzo45k85','vg3rf6wsdd5mud0lsuep16lm7','cmoxddfz5000030qs9i92vb83','diego.lopez88@gmail.com','Diego López',1,4,151,63,'evaluating',false,'2026-05-05T13:13:46.629Z','2026-05-05T13:13:46.629Z','AR','direct'),
('vp8s4xefjzlydvc3lmanw97ue','vb1v72hrsd183hkgf4wzjrpfz','cmoxddfz5000030qs9i92vb83',NULL,'Carolina Sánchez',1,6,434,82,'ready_to_buy',false,'2026-04-27T13:13:46.629Z','2026-04-27T13:13:46.629Z','AR','google'),
('vpqubdj29r6xpw6f73f75ewaw','vndk3pc5ewi9f7thjn0n06e5w','cmoxddfz5000030qs9i92vb83',NULL,'Sofía González',1,4,450,68,'evaluating',false,'2026-04-12T22:13:46.629Z','2026-04-12T22:13:46.629Z','AR','facebook'),
('vpv2kn766leoiu6eggep3rv7r','vc1dhwxtm0j339kixpj2bu76s','cmoxddfz5000030qs9i92vb83',NULL,'Andrés Pérez',1,6,99,78,'ready_to_buy',false,'2026-04-19T07:13:46.629Z','2026-04-19T07:13:46.629Z','MX','google'),
('vp6s23m8pbkf2gpeqmouv3aad','vlxuf8es0fjp57vlluhz2ifzc','cmoxddfz5000030qs9i92vb83','diego.lopez31@gmail.com','Diego López',1,4,435,63,'evaluating',false,'2026-04-30T23:13:46.629Z','2026-04-30T23:13:46.629Z','AR','direct'),
('vpk49psxg1g7v6ryi7fy551kt','v4zjoxcqupyemlsa8dbvznmqe','cmoxddfz5000030qs9i92vb83','carolina.sanchez69@gmail.com','Carolina Sánchez',1,6,331,84,'ready_to_buy',false,'2026-04-27T07:13:46.629Z','2026-04-27T07:13:46.629Z','AR','instagram'),
('vpwu09lxqsghdial0setfzh11','vxcsleyurn136i1jjg6lj9wgc','cmoxddfz5000030qs9i92vb83','martin.garcia80@gmail.com','Martín García',1,4,315,63,'evaluating',false,'2026-04-17T02:13:46.629Z','2026-04-17T02:13:46.629Z','AR','direct'),
('vpgni3ciqaf5hhu6gvmnviv98','vdhy6y1xv65a2oy1648yzelfn','cmoxddfz5000030qs9i92vb83',NULL,'Martín García',1,2,38,38,'interested',false,'2026-04-24T08:13:46.629Z','2026-04-24T08:13:46.629Z','AR','referral'),
('vpo4tjhigz32j79viblj612qm','vyj04iziys8f30gvdtmn68p63','cmoxddfz5000030qs9i92vb83',NULL,'Sofía González',1,4,71,55,'evaluating',false,'2026-04-13T16:13:46.629Z','2026-04-13T16:13:46.629Z','AR','referral')
ON CONFLICT ("visitorId","siteId") DO NOTHING;
